Name,Team Name,Position,Age,Season,Injury,Date of Injury,Date of return
Jamaal Lascelles,Newcastle,Center Back,26,2019/20,Knee injury,"Nov 9, 2019","Jan 13, 2020"
Fabian Schär,Newcastle,Center Back,28,2019/20,Knee injury,"Oct 20, 2019","Nov 24, 2019"
Fabian Schär,Newcastle,Center Back,28,2019/20,Hamstring strain,"Jan 2, 2020","Jan 17, 2020"
Fabian Schär,Newcastle,Center Back,28,2019/20,Shoulder injury,"Jul 16, 2020","Sep 28, 2020"
Paul Dummett,Newcastle,Center Back,28,2019/20,Groin injury,"Dec 22, 2019","Jan 10, 2020"
Ciaran Clark,Newcastle,Center Back,30,2019/20,Calf injury,"Dec 9, 2019","Jan 10, 2020"
Ciaran Clark,Newcastle,Center Back,30,2019/20,Ankle injury,"Feb 16, 2020","Sep 14, 2020"
Jetro Willems,Newcastle,Left Back,26,2019/20,Knee injury,"Sep 22, 2019","Oct 5, 2019"
Jetro Willems,Newcastle,Left Back,26,2019/20,Knee injury,"Dec 15, 2019","Dec 25, 2019"
Jetro Willems,Newcastle,Left Back,26,2019/20,Cruciate ligament tear,"Jan 18, 2020","Sep 20, 2020"
DeAndre Yedlin,Newcastle,Right Back,26,2019/20,Groin problems,"Apr 28, 2019","Sep 28, 2019"
DeAndre Yedlin,Newcastle,Right Back,26,2019/20,Hip injury,"Nov 27, 2019","Dec 10, 2019"
DeAndre Yedlin,Newcastle,Right Back,26,2019/20,Hand injury,"Jan 5, 2020","Jan 23, 2020"
Emil Krafth,Newcastle,Right Back,25,2019/20,Ankle injury,"Jan 21, 2020","Jun 20, 2020"
Emil Krafth,Newcastle,Right Back,25,2019/20,Ankle injury,"Jul 21, 2020","Sep 11, 2020"
Javier Manquillo,Newcastle,Right Back,26,2019/20,Hamstring strain,"Jan 2, 2020","Feb 28, 2020"
Isaac Hayden,Newcastle,Defensive Midfielder,25,2019/20,Hamstring strain,"Jul 5, 2020","Jul 25, 2020"
Sean Longstaff,Newcastle,Central Midfielder,22,2019/20,Ankle injury,"Sep 1, 2019","Sep 28, 2019"
Sean Longstaff,Newcastle,Central Midfielder,22,2019/20,Hamstring injury,"Jul 1, 2020","Jul 25, 2020"
Jonjo Shelvey,Newcastle,Central Midfielder,28,2019/20,Hamstring injury,"Sep 22, 2019","Oct 5, 2019"
Jonjo Shelvey,Newcastle,Central Midfielder,28,2019/20,Calf injury,"Dec 9, 2019","Dec 20, 2019"
Jonjo Shelvey,Newcastle,Central Midfielder,28,2019/20,Hamstring strain,"Jan 18, 2020","Feb 28, 2020"
Matt Ritchie,Newcastle,Right Midfielder,30,2019/20,Ankle injury,"Aug 28, 2019","Jan 3, 2020"
Allan Saint-Maximin,Newcastle,Left winger,23,2019/20,Hamstring strain,"Sep 22, 2019","Sep 28, 2019"
Miguel Almirón,Newcastle,Right winger,26,2019/20,Hamstring injury,"Dec 9, 2019","Dec 20, 2019"
Dwight Gayle,Newcastle,Center Forward,30,2019/20,Calf injury,"Aug 8, 2019","Oct 5, 2019"
Dwight Gayle,Newcastle,Center Forward,30,2019/20,Hamstring strain,"Jan 2, 2020","Jan 10, 2020"
Andy Carroll,Newcastle,Center Forward,31,2019/20,Groin injury,"Oct 20, 2019","Nov 1, 2019"
Andy Carroll,Newcastle,Center Forward,31,2019/20,Bruised ribs,"Nov 26, 2019","Dec 3, 2019"
Andy Carroll,Newcastle,Center Forward,31,2019/20,Knock,"Jan 15, 2020","Jun 15, 2020"
Andy Carroll,Newcastle,Center Forward,31,2019/20,Muscle injury,"Jul 6, 2020","Jul 17, 2020"
Jamaal Lascelles,Newcastle,Center Back,27,2020/21,Hip injury,"Sep 28, 2020","Oct 16, 2020"
Jamaal Lascelles,Newcastle,Center Back,27,2020/21,Muscle fatigue,"Nov 22, 2020","Jan 17, 2021"
Jamaal Lascelles,Newcastle,Center Back,27,2020/21,Hamstring strain,"Jan 31, 2021","Feb 14, 2021"
Jamaal Lascelles,Newcastle,Center Back,27,2020/21,Foot injury,"Apr 4, 2021","Jun 1, 2021"
Fabian Schär,Newcastle,Center Back,29,2020/21,Virus,"Nov 29, 2020","Dec 25, 2020"
Fabian Schär,Newcastle,Center Back,29,2020/21,Knee injury,"Feb 7, 2021","Apr 25, 2021"
Ciaran Clark,Newcastle,Center Back,31,2020/21,Calf injury,"Jan 19, 2021","Jan 29, 2021"
Ciaran Clark,Newcastle,Center Back,31,2020/21,Knock,"Feb 4, 2021","Feb 14, 2021"
Javier Manquillo,Newcastle,Right Back,27,2020/21,Ankle injury,"Feb 7, 2021","Mar 10, 2021"
Isaac Hayden,Newcastle,Defensive Midfielder,26,2020/21,Coronavirus,"Nov 25, 2020","Dec 11, 2020"
Isaac Hayden,Newcastle,Defensive Midfielder,26,2020/21,Knee injury,"Mar 20, 2021","Jun 1, 2021"
Jonjo Shelvey,Newcastle,Central Midfielder,29,2020/21,Groin injury,"Oct 19, 2020","Nov 20, 2020"
Jonjo Shelvey,Newcastle,Central Midfielder,29,2020/21,Hamstring injury,"Jan 4, 2021","Jan 17, 2021"
Matt Ritchie,Newcastle,Right Midfielder,31,2020/21,Shoulder injury,"Sep 27, 2020","Nov 25, 2020"
Allan Saint-Maximin,Newcastle,Left winger,24,2020/21,Ankle injury,"Sep 21, 2020","Oct 1, 2020"
Allan Saint-Maximin,Newcastle,Left winger,24,2020/21,Calf injury,"Nov 22, 2020","Jan 22, 2021"
Allan Saint-Maximin,Newcastle,Left winger,24,2020/21,Groin injury,"Feb 28, 2021","Apr 4, 2021"
Miguel Almirón,Newcastle,Right winger,27,2020/21,Knee injury,"Feb 28, 2021","Mar 15, 2021"
Dwight Gayle,Newcastle,Center Forward,31,2020/21,Inner ligament injury,"Sep 5, 2020","Dec 11, 2020"
Jamal Lewis,Newcastle,Left Back,23,2020/21,Knee problems,"Dec 31, 2020","Jan 15, 2021"
Ryan Fraser,Newcastle,Left winger,27,2020/21,Hamstring injury,"Nov 2, 2020","Dec 15, 2020"
Ryan Fraser,Newcastle,Left winger,27,2020/21,Groin injury,"Apr 1, 2021","May 31, 2021"
Callum Wilson,Newcastle,Center Forward,29,2020/21,Hamstring strain,"Nov 7, 2020","Nov 26, 2020"
Callum Wilson,Newcastle,Center Forward,29,2020/21,Hamstring injury,"Feb 7, 2021","Apr 4, 2021"
Callum Wilson,Newcastle,Center Forward,29,2020/21,Hamstring injury,"May 8, 2021","May 25, 2021"
Jamaal Lascelles,Newcastle,Center Back,28,2021/22,Ill,"Feb 11, 2022","Feb 16, 2022"
Paul Dummett,Newcastle,Center Back,30,2021/22,Calf injury,"Jul 28, 2021","Jan 1, 2022"
Joelinton,Newcastle,Central Midfielder,25,2021/22,Knock,"Mar 7, 2022","Mar 15, 2022"
Jonjo Shelvey,Newcastle,Central Midfielder,30,2021/22,Calf injury,"Aug 15, 2021","Oct 15, 2021"
Jonjo Shelvey,Newcastle,Central Midfielder,30,2021/22,Muscle injury,"Dec 17, 2021","Dec 26, 2021"
Jonjo Shelvey,Newcastle,Central Midfielder,30,2021/22,Calf problems,"May 1, 2022","May 25, 2022"
Allan Saint-Maximin,Newcastle,Left winger,25,2021/22,Ill & knock,"Feb 14, 2022","Mar 12, 2022"
Joe Willock,Newcastle,Central Midfielder,22,2021/22,Coronavirus,"Dec 21, 2021","Dec 31, 2021"
Joe Willock,Newcastle,Central Midfielder,22,2021/22,Knee injury,"Apr 4, 2022","Apr 10, 2022"
Joe Willock,Newcastle,Central Midfielder,22,2021/22,Knee injury,"May 1, 2022","May 25, 2022"
Ryan Fraser,Newcastle,Left winger,28,2021/22,Hamstring injury,"Apr 8, 2022","May 9, 2022"
Callum Wilson,Newcastle,Center Forward,30,2021/22,Hamstring injury,"Aug 30, 2021","Oct 17, 2021"
Callum Wilson,Newcastle,Center Forward,30,2021/22,Calf injury,"Dec 27, 2021","May 1, 2022"
Kieran Trippier,Newcastle,Right Back,31,2021/22,Metatarsal fracture,"Feb 13, 2022","May 1, 2022"
Chris Wood,Newcastle,Center Forward,30,2021/22,Hip injury,"May 9, 2022","May 20, 2022"
Fabian Schär,Newcastle,Center Back,31,2022/23,concussion,"Feb 27, 2023","Mar 5, 2023"
Joelinton,Newcastle,Central Midfielder,26,2022/23,Knock,"May 22, 2023","May 31, 2023"
Sean Longstaff,Newcastle,Central Midfielder,25,2022/23,Outer ligament problems,"Apr 27, 2023","May 20, 2023"
Jonjo Shelvey,Newcastle,Central Midfielder,31,2022/23,Hamstring injury,"Jul 26, 2022","Oct 10, 2022"
Allan Saint-Maximin,Newcastle,Left winger,26,2022/23,Hamstring injury,"Aug 29, 2022","Oct 5, 2022"
Allan Saint-Maximin,Newcastle,Left winger,26,2022/23,Muscle injury,"Oct 14, 2022","Oct 26, 2022"
Allan Saint-Maximin,Newcastle,Left winger,26,2022/23,Hamstring injury,"Apr 6, 2023","May 5, 2023"
Miguel Almirón,Newcastle,Right winger,29,2022/23,Thigh problems,"Mar 15, 2023","Apr 15, 2023"
Joe Willock,Newcastle,Central Midfielder,23,2022/23,Hamstring injury,"May 18, 2023","Jun 5, 2023"
Callum Wilson,Newcastle,Center Forward,31,2022/23,Hamstring injury,"Aug 21, 2022","Sep 25, 2022"
Bruno Guimarães,Newcastle,Defensive Midfielder,25,2022/23,Hamstring injury,"Aug 25, 2022","Sep 16, 2022"
Bruno Guimarães,Newcastle,Defensive Midfielder,25,2022/23,Ankle injury,"Feb 1, 2023","Feb 20, 2023"
Nick Pope,Newcastle,Goalkeeper,31,2022/23,Hand injury,"May 23, 2023","Jun 20, 2023"
Anthony Gordon,Newcastle,Left winger,22,2022/23,Ankle injury,"Mar 10, 2023","Apr 1, 2023"
Alexander Isak,Newcastle,Center Forward,23,2022/23,Thigh problems,"Sep 20, 2022","January 4, 2023"
Jamaal Lascelles,Newcastle,Center Back,30,2023/24,unknown injury,"Dec 23, 2023","Jan 1, 2024"
Fabian Schär,Newcastle,Center Back,32,2023/24,Hamstring injury,"Apr 27, 2024","May 15, 2024"
Joelinton,Newcastle,Central Midfielder,27,2023/24,Hamstring injury,"Sep 13, 2023","Oct 15, 2023"
Joelinton,Newcastle,Central Midfielder,27,2023/24,Hamstring injury,"Dec 16, 2023","Dec 25, 2023"
Joelinton,Newcastle,Central Midfielder,27,2023/24,Groin surgery,"Jan 6, 2024","May 3, 2024"
Sean Longstaff,Newcastle,Central Midfielder,26,2023/24,Ankle injury,"Nov 11, 2023","Dec 8, 2023"
Miguel Almirón,Newcastle,Right winger,30,2023/24,Knee injury,"Mar 30, 2024","May 3, 2024"
Joe Willock,Newcastle,Central Midfielder,24,2023/24,Hamstring injury,"Aug 1, 2023","Oct 23, 2023"
Joe Willock,Newcastle,Central Midfielder,24,2023/24,Achilles tendon problems,"Nov 24, 2023","Feb 23, 2024"
Joe Willock,Newcastle,Central Midfielder,24,2023/24,Achilles tendon problems,"Apr 6, 2024","May 20, 2024"
Elliot Anderson,Newcastle,Central Midfielder,18,2023/24,Back injury,"Oct 23, 2023","Feb 25, 2024"
Callum Wilson,Newcastle,Center Forward,32,2023/24,Hamstring injury,"Sep 24, 2023","Oct 7, 2023"
Callum Wilson,Newcastle,Center Forward,32,2023/24,Hamstring injury,"Nov 7, 2023","Dec 8, 2023"
Callum Wilson,Newcastle,Center Forward,32,2023/24,Calf injury,"Dec 26, 2023","Feb 1, 2024"
Callum Wilson,Newcastle,Center Forward,32,2023/24,Chest injury,"Feb 11, 2024","Apr 15, 2024"
Callum Wilson,Newcastle,Center Forward,32,2023/24,Ill,"May 6, 2024","May 17, 2024"
Dan Burn,Newcastle,Center Back,32,2023/24,Back injury,"Nov 4, 2023","Dec 11, 2023"
Kieran Trippier,Newcastle,Right Back,33,2023/24,Groin injury,"Dec 26, 2023","Jan 5, 2024"
Kieran Trippier,Newcastle,Right Back,33,2023/24,Calf injury,"Mar 2, 2024","May 10, 2024"
Sven Botman,Newcastle,Center Back,24,2023/24,Ankle injury,"Aug 27, 2023","Sep 15, 2023"
Sven Botman,Newcastle,Center Back,24,2023/24,Knee injury,"Sep 28, 2023","Dec 15, 2023"
Sven Botman,Newcastle,Center Back,24,2023/24,Cruciate ligament surgery,"Mar 20, 2024","Dec 2, 2024"
Lewis Miley,Newcastle,Central Midfielder,18,2023/24,Fever,"Oct 16, 2023","Nov 1, 2023"
Lewis Miley,Newcastle,Central Midfielder,18,2023/24,ack injury,"Mar 25, 2024","May 20, 2024"
Anthony Gordon,Newcastle,Left winger,23,2023/24,Ankle injury,"May 15, 2024","May 27, 2024"
Alexander Isak,Newcastle,Center Forward,24,2023/24,Groin injury,"Oct 25, 2023","Nov 24, 2023"
Alexander Isak,Newcastle,Center Forward,24,2023/24,Groin injury,"Jan 30, 2024","Feb 23, 2024"
Tino Livramento,Newcastle,Right Back,21,2023/24,Ill,"Jan 12, 2024","Jan 20, 2024"
Tino Livramento,Newcastle,Right Back,21,2023/24,Ankle injury,"Mar 11, 2024","Apr 12, 2024"
Tino Livramento,Newcastle,Right Back,21,2023/24,Ankle injury,"May 14, 2024","May 27, 2024"
Harvey Barnes,Newcastle,Left winger,26,2023/24,Foot injury,"Sep 24, 2023","Feb 1, 2024"
Harvey Barnes,Newcastle,Left winger,26,2023/24,Hamstring injury,"Mar 2, 2024","Mar 30, 2024"
Fabian Schär,Newcastle,Center Back,32,2023/24,concussion,"Feb 27, 2023","Mar 5, 2023"
Nick Pope,Newcastle,Goalkeeper,32,2023/24,Shoulder injury,"Dec 2, 2023","May 2, 2024"
Bernd Leno,Arsenal,Goalkeeper,28,2019/20,Ligament stretching,"Jun 21, 2020","Aug 27, 2020"
Sead Kolasinac,Arsenal,Center Back,27,2019/20,Hamstring injury,"Nov 17, 2019","Nov 30, 2019"
Sead Kolasinac,Arsenal,Center Back,27,2019/20,Arm injury,"Feb 24, 2020","Jun 15, 2020"
Sead Kolasinac,Arsenal,Center Back,27,2019/20,Muscle strain,"Jan 15, 2020","Feb 15, 2020"
Sead Kolasinac,Arsenal,Center Back,27,2019/20,Ankle injury,"Dec 16, 2019","Dec 30, 2019"
Sokratis Papastathopoulos,Arsenal,Center Back,32,2019/20,concussion,"Dec 27, 2019","Dec 30, 2019"
Calum Chambers,Arsenal,Center Back,25,2019/20,Cruciate ligament tear,"Dec 29, 2019","Nov 8, 2020"
Shkodran Mustafi,Arsenal,Center Back,28,2019/20,Muscle strain,"Feb 29, 2020","Mar 15, 2020"
Kieran Tierney,Arsenal,Left Back,23,2019/20,Shoulder injury,"Dec 9, 2019","Mar 14, 2020"
Kieran Tierney,Arsenal,Left Back,23,2019/20,Groin injury,"Sep 13, 2020","Sep 27, 2020"
Kieran Tierney,Arsenal,Left Back,23,2019/20,Knee injury,"Jan 19, 2021","Feb 16, 2021"
Kieran Tierney,Arsenal,Left Back,23,2019/20,Knee injury,"Apr 3, 2021","May 5, 2021"
Héctor Bellerín,Arsenal,Right Back,25,2019/20,Hamstring injury,"Dec 6, 2019","Jan 14, 2020"
Cédric Soares,Arsenal,Right Back,28,2019/20,Broken Nose and Knee Injury,"Jan 21, 2020","Jun 26, 2020"
Lucas Torreira,Arsenal,Defensive Midfielder,24,2019/20,Ankle injury,"Mar 3, 2020","Jul 3, 2020"
Granit Xhaka,Arsenal,Defensive Midfielder,27,2019/20,Back injury,"Aug 12, 2019","Aug 23, 2019"
Granit Xhaka,Arsenal,Defensive Midfielder,27,2019/20,concussion,"Dec 9, 2019","Dec 17, 2019"
Granit Xhaka,Arsenal,Defensive Midfielder,27,2019/20,Ankle injury,"Jun 18, 2020","Jun 24, 2020"
Mattéo Guendouzi,Arsenal,Central Midfielder,21,2019/20,Fitness,"Jun 25, 2020","Oct 7, 2020"
Dani Ceballos,Arsenal,Central Midfielder,23,2019/20,Torn muscle bundle,"Nov 7, 2019","Dec 31, 2019"
Mesut Özil,Arsenal,Attacking Midfielder,31,2019/20,Ankle injury,"Dec 16, 2019","Dec 26, 2019"
Gabriel Martinelli,Arsenal,Left winger,19,2019/20,Hamstring injury,"Dec 23, 2019","Jan 6, 2020"
Nicolas Pépé,Arsenal,Right winger,25,2019/20,Muscle fatigue,"Jul 2, 2020","Jul 6, 2020"
Reiss Nelson,Arsenal,Right winger,20,2019/20,Hamstring injury,"Jan 9, 2020","Feb 24, 2020"
Alexandre Lacazette,Arsenal,Center Forward,29,2019/20,Ankle injury,"Sep 2, 2019","Oct 20, 2019"
Shkodran Mustafi,Arsenal,Center Back,29,2020/21,Muscle injury,"Jul 19, 2020","Oct 24, 2020"
David Luiz,Arsenal,Center Back,33,2020/21,Hamstring injury,"Oct 26, 2020","Nov 3, 2020"
David Luiz,Arsenal,Center Back,33,2020/21,Neck injury,"Sep 11, 2020","Sep 18, 2020"
David Luiz,Arsenal,Center Back,33,2020/21,Ill,"Dec 25, 2020","Jan 1, 2021"
David Luiz,Arsenal,Center Back,33,2020/21,Head injury,"Dec 25, 2020","Jan 1, 2021"
Rob Holding,Arsenal,Center Back,25,2020/21,Hamstring injury,"Oct 16, 2020","Dec 15, 2020"
Pablo Marí,Arsenal,Center Back,27,2020/21,Ankle injury,"Jun 15, 2020","Dec 3, 2020"
Pablo Marí,Arsenal,Center Back,27,2020/21,Calf injury,"Jan 14, 2021","Feb 8, 2021"
Granit Xhaka,Arsenal,Defensive Midfielder,28,2020/21,Ill,"Apr 1, 2021","Apr 4, 2021"
Granit Xhaka,Arsenal,Defensive Midfielder,28,2020/21,Groin injury,"May 6, 2021","May 16, 2021"
Dani Ceballos,Arsenal,Central Midfielder,24,2020/21,Calf injury,"Jan 15, 2021","Feb 1, 2021"
Gabriel Martinelli,Arsenal,Left winger,20,2020/21,Ankle injury,"Jan 9, 2021","Jan 17, 2021"
Bukayo Saka,Arsenal,Right winger,19,2020/21,Hip problems,"Jan 28, 2021","Jan 31, 2021"
Pierre-Emerick Aubameyang,Arsenal,Center Forward,32,2020/21,Calf injury,"Dec 17, 2020","Dec 28, 2020"
Pierre-Emerick Aubameyang,Arsenal,Center Forward,32,2020/21,Knock,"Jan 18, 2021","Feb 1, 2021"
Pierre-Emerick Aubameyang,Arsenal,Center Forward,32,2020/21,malaria,"Apr 8, 2021","Apr 26, 2021"
Alexandre Lacazette,Arsenal,Center Forward,29,2020/21,Dead leg,"Apr 18, 2021","May 6, 2021"
Gabriel Magalhães,Arsenal,Center Back,23,2020/21,Coronavirus,"Dec 26, 2020","Jan 13, 2021"
Thomas Partey,Arsenal,Defensive Midfielder,28,2020/21,Muscle injury,"Nov 9, 2020","Dec 3, 2020"
Thomas Partey,Arsenal,Defensive Midfielder,28,2020/21,Hip injury,"Dec 3, 2020","Jan 11, 2021"
Thomas Partey,Arsenal,Defensive Midfielder,28,2020/21,Hamstring injury,"Feb 4, 2021","Feb 22, 2021"
Mohamed Elneny,Arsenal,Defensive Midfielder,28,2020/21,Virus,"Nov 16, 2020","Nov 28, 2020"
Martin Ødegaard,Arsenal,Attacking Midfielder,22,2020/21,Ankle injury,"Apr 5, 2021","Apr 20, 2021"
Willian,Arsenal,Left winger,32,2020/21,Calf injury,"Nov 23, 2020","Nov 28, 2020"
Willian,Arsenal,Left winger,32,2020/21,Ill,"Dec 25, 2020","Jan 1, 2021"
Kieran Tierney,Arsenal,Left Back,25,2021/22,Ankle problems,"Oct 21, 2021","Nov 6, 2021"
Kieran Tierney,Arsenal,Left Back,25,2021/22,Knee surgery,"Mar 31, 2022","Jul 7, 2022"
Granit Xhaka,Arsenal,Defensive Midfielder,29,2021/22,Inner ligament injury,"Sep 27, 2021","Dec 5, 2021"
Pierre-Emerick Aubameyang,Arsenal,Center Forward,33,2021/22,Coronavirus,"Aug 2, 2021","Aug 16, 2021"
Alexandre Lacazette,Arsenal,Center Forward,31,2021/22,Coronavirus,"Apr 14, 2022","Apr 19, 2022"
Gabriel Magalhães,Arsenal,Center Back,24,2021/22,Knee injury,"Jul 6, 2021","Aug 25, 2021"
Thomas Partey,Arsenal,Defensive Midfielder,29,2021/22,Ankle injury,"Jul 29, 2021","Aug 30, 2021"
Thomas Partey,Arsenal,Defensive Midfielder,29,2021/22,Knock,"Apr 4, 2022","Jul 25, 2022"
Ben White,Arsenal,Right Back,24,2021/22,Hamstring injury,"Apr 25, 2022","May 15, 2022"
Takehiro Tomiyasu,Arsenal,Right Back,23,2021/22,Calf injury,"Feb 20, 2022","Apr 21, 2022"
Gabriel Martinelli,Arsenal,Left winger,22,2022/23,Ankle injury,"May 14, 2023","Jun 1, 2023"
Eddie Nketiah,Arsenal,Center Forward,24,2022/23,Ankle injury,"Mar 2, 2023","Apr 13, 2023"
William Saliba,Arsenal,Center Back,22,2022/23,Back injury,"Mar 16, 2023","Jul 1, 2023"
Thomas Partey,Arsenal,Defensive Midfielder,30,2022/23,Thigh problems,"Aug 25, 2022","Sep 15, 2022"
Mohamed Elneny,Arsenal,Defensive Midfielder,30,2022/23,Thigh problems,"Aug 27, 2022","Nov 1, 2022"
Mohamed Elneny,Arsenal,Defensive Midfielder,30,2022/23,Knee injury,"Jan 14, 2023","Sep 20, 2023"
Takehiro Tomiyasu,Arsenal,Right Back,24,2022/23,muscular problems,"Nov 3, 2022","Nov 15, 2022"
Takehiro Tomiyasu,Arsenal,Right Back,24,2022/23,Knee surgery,"Mar 16, 2023","Jul 1, 2023"
Oleksandr Zinchenko,Arsenal,Left Back,26,2022/23,Knee problems and Calf injury,"Aug 26, 2022","Nov 1, 2022"
Oleksandr Zinchenko,Arsenal,Left Back,26,2022/23,unknown injury,"Apr 14, 2023","Apr 17, 2023"
Oleksandr Zinchenko,Arsenal,Left Back,26,2022/23,Calf muscle tear,"May 7, 2023","Aug 18, 2023"
Gabriel Jesus,Arsenal,Center Forward,26,2022/23,Knee injury,"Dec 2, 2022","Mar 11, 2023"
Gabriel Martinelli,Arsenal,Left winger,23,2023/24,Hamstring injury,"Sep 17, 2023","Oct 7, 2023"
Gabriel Martinelli,Arsenal,Left winger,23,2023/24,Foot injury,"Mar 5, 2024","Mar 29, 2024"
Bukayo Saka,Arsenal,Right winger,22,2023/24,unknown injury,"Mar 21, 2024","Apr 6, 2024"
Bukayo Saka,Arsenal,Right winger,22,2023/24,Thigh problems,"Oct 3, 2023","Oct 21, 2023"
Thomas Partey,Arsenal,Defensive Midfielder,31,2023/24,Groin injury,"Sep 2, 2023","Oct 3, 2023"
Thomas Partey,Arsenal,Defensive Midfielder,31,2023/24,Hamstring injury,"Nov 9, 2023","Feb 29, 2024"
Martin Ødegaard,Arsenal,Attacking Midfielder,25,2023/24,Hip problems,"Nov 3, 2023","Nov 22, 2023"
Ben White,Arsenal,Right Back,26,2023/24,Knee injury,"Nov 9, 2023","Nov 20, 2023"
Takehiro Tomiyasu,Arsenal,Right Back,25,2023/24,Calf injury,"Dec 3, 2023","Mar 20, 2024"
Oleksandr Zinchenko,Arsenal,Left Back,27,2023/24,Calf problems,"Dec 30, 2023","Jan 18, 2024"
Gabriel Jesus,Arsenal,Center Forward,27,2023/24,Hamstring injury,"Oct 24, 2023","Nov 19, 2023"
Gabriel Jesus,Arsenal,Center Forward,27,2023/24,Knee injury,"Jan 5, 2024","Jan 18, 2024"
Tyrone Mings,Aston Villa,Center Back,28,2019/20,Muscle strain,"Dec 9, 2019","Dec 31, 2019"
Jed Steer,Aston Villa,Goalkeeper,27,2019/20,Calf injury,"Nov 11, 2019","Jun 15, 2020"
Anwar El Ghazi,Aston Villa,Right winger,24,2019/20,Knee injury,"Dec 2, 2019","Dec 7, 2019"
Matt Targett,Aston Villa,Left Back,24,2019/20,Muscle strain,"Jun 28, 2020","Jul 11, 2020"
Matt Targett,Aston Villa,Left Back,24,2019/20,Hamstring injury,"Dec 31, 2019","Jan 17, 2020"
Matt Targett,Aston Villa,Left Back,24,2019/20,Hamstring injury,"Aug 29, 2019","Sep 24, 2019"
Jack Grealish,Aston Villa,Left winger,24,2019/20,Calf injury,"Oct 27, 2019","Nov 24, 2019"
Neil Taylor,Aston Villa,Left Back,31,2019/20,Hamstring injury,"Jul 13, 2020","Jul 25, 2020"
Björn Engels,Aston Villa,Center Back,25,2019/20,Groin injury,"Nov 3, 2019","Nov 30, 2019"
Tom Heaton,Aston Villa,Goalkeeper,34,2019/20,Cruciate ligament injury,"Jan 1, 2020","Nov 7, 2020"
Tom Heaton,Aston Villa,Goalkeeper,34,2019/20,Calf strain,"Nov 10, 2019","Nov 25, 2019"
Matty Cash,Aston Villa,Right Back,24,2020/21,Hamstring injury,"Feb 18, 2021","Mar 7, 0202"
Ezri Konsa,Aston Villa,Center Back,23,2020/21,bruise,"Dec 13, 2020","Dec 25, 2020"
Kortney Hause,Aston Villa,Center Back,25,2020/21,Ankle injury,"Jan 3, 2021","Apr 5, 2021"
Bertrand Traoré,Aston Villa,Right winger,24,2020/21,Bruised ribs,"Nov 2, 2020","Nov 20, 2020"
Douglas Luiz,Aston Villa,Central Midfielder,23,2020/21,Hamstring injury,"Oct 25, 2020","Nov 25, 2020"
Mahmoud Trezeguet,Aston Villa,Left winger,26,2020/21,Head injury,"Dec 1, 2020","Jan 21, 2021"
Morgan Sanson,Aston Villa,Central Midfielder,26,2020/21,Knee problems,"Apr 9, 2021","Aug 29, 2021"
Ross Barkley,Aston Villa,Central Midfielder,27,2020/21,Hamstring injury,"Nov 21, 2020","Jan 19, 2021"
Emiliano Martínez,Aston Villa,Goalkeeper,29,2021/22,Knee problems,"May 20, 2022","May 29, 2022"
Ezri Konsa,Aston Villa,Center Back,24,2021/22,Knee injury,"May 15, 2022","Jul 10, 2022"
Lucas Digne,Aston Villa,Left Back,28,2021/22,Shoulder injury,"Apr 9, 2022","Apr 25, 2022"
Lucas Digne,Aston Villa,Left Back,28,2021/22,Hamstring injury,"Mar 14, 2022","Mar 21, 2022"
Leon Bailey,Aston Villa,Right winger,24,2021/22,Thigh problems,"Dec 5, 2021","Feb 10, 2022"
Marvelous Nakamba,Aston Villa,Defensive Midfielder,25,2021/22,Knee injury,"Dec 11, 2021","Mar 31, 2022"
Morgan Sanson,Aston Villa,Central Midfielder,27,2021/22,Knock,"Apr 10, 2022","May 8, 2022"
Morgan Sanson,Aston Villa,Central Midfielder,27,2021/22,Ill,"Oct 30, 2021","Nov 6, 2021"
Morgan Sanson,Aston Villa,Central Midfielder,27,2021/22,Coronavirus,"Dec 12, 2021","Dec 25, 2021"
Matty Cash,Aston Villa,Right Back,25,2022/23,Calf injury,"Mar 29, 2023","May 3, 2023"
Matty Cash,Aston Villa,Right Back,25,2022/23,Tendon rupture,"Sep 3, 2022","Sep 28, 2022"
Diego Carlos,Aston Villa,Center Back,30,2022/23,Achilles tendon rupture,"Aug 11, 2022","Mar 12, 2023"
John McGinn,Aston Villa,Central Midfielder,28,2022/23,Hamstring strain,"Jan 1, 2023","Feb 4, 2023"
Lucas Digne,Aston Villa,Left Back,29,2022/23,Shoulder injury,"Jan 14, 2023","Feb 3, 2023"
Lucas Digne,Aston Villa,Left Back,29,2022/23,Ankle injury,"Sep 17, 2022","Oct 27, 2022"
Álex Moreno,Aston Villa,Left Back,31,2022/23,Hamstring injury,"May 20, 2023","Sep 15, 2023"
acob Ramsey,Aston Villa,Attacking Midfielder,22,2022/23,Hamstring injury,"Nov 23, 2022","Jan 8, 2023"
Boubacar Kamara,Aston Villa,Defensive Midfielder,23,2022/23,Ankle injury,"Mar 12, 2023","Mar 18, 2023"
Boubacar Kamara,Aston Villa,Defensive Midfielder,23,2022/23,Knee injury,"Sep 15, 2022","Oct 31, 2022"
Matty Cash,Aston Villa,Defensive Midfielder,26,2023/24,Calf injury,"May 12, 2024","Jun 12, 2024"
Matty Cash,Aston Villa,Right Back,26,2023/24,Hamstring injury,"Mar 21, 2024","Apr 12, 2024"
Matty Cash,Aston Villa,Right Back,26,2023/24,Ill,"Dec 29, 2023","Dec 31, 2023"
Diego Carlos,Aston Villa,Center Back,31,2023/24,Hamstring injury,"Feb 14, 2024","Mar 5, 2024"
Ezri Konsa,Aston Villa,Center Back,26,2023/24,Knee injury,"Feb 4, 2024","Mar 1, 2024"
Youri Tielemans,Aston Villa,Central Midfielder,27,2023/24,Groin injury,"Apr 27, 2024","Jun 10, 2024"
Youri Tielemans,Aston Villa,Central Midfielder,27,2023/24,Calf injury,"Dec 13, 2023","Jan 12, 2024"
Lucas Digne,Aston Villa,Left Back,30,2023/24,Hamstring injury,"Dec 26, 2023","Feb 6, 2024"
Pau Torres,Aston Villa,Center Back,27,2023/24,Ankle injury,"Jan 5, 2024","Feb 4, 2024"
Pau Torres,Aston Villa,Center Back,27,2023/24,unknown injury,"Dec 18, 2023","Dec 23, 2023"
Álex Moreno,Aston Villa,Left Back,31,2023/24,minor knock,"Apr 15, 2024","May 31, 2024"
Jhon Durán,Aston Villa,Center Forward,20,2023/24,unknown injury,"Aug 11, 2023","Aug 13, 2023"
Jhon Durán,Aston Villa,Center Forward,20,2023/24,infection,"Oct 21, 2023","Oct 23, 2023"
Jhon Durán,Aston Villa,Center Forward,20,2023/24,infection,"Oct 28, 2023","Nov 6, 2023"
Jhon Durán,Aston Villa,Center Forward,20,2023/24,Hamstring injury,"Jan 25, 2024","Mar 8, 2024"
Morgan Rogers,Aston Villa,Attacking Midfielder,21,2023/24,Hamstring injury,"May 6, 2024","Jun 1, 2024"
Leon Bailey,Aston Villa,Right winger,26,2023/24,Ill,"May 18, 2024","May 31, 2024"
Jacob Ramsey,Aston Villa,Attacking Midfielder,23,2023/24,Metatarsal fracture,"Jul 2, 2023","Sep 20, 2023"
Jacob Ramsey,Aston Villa,Attacking Midfielder,23,2023/24,Foot injury,"Oct 4, 2023","Nov 24, 2023"
Jacob Ramsey,Aston Villa,Attacking Midfielder,23,2023/24,Hamstring injury,"Jan 13, 2024","Jan 29, 2024"
Jacob Ramsey,Aston Villa,Attacking Midfielder,23,2023/24,Toe injury,"Mar 3, 2024",Present
Boubacar Kamara,Aston Villa,Defensive Midfielder,24,2023/24,Knee injury,"Feb 11, 2024",Present
Philippe Coutinho,Aston Villa,Attacking Midfielder,32,2023/24,Hamstring injury,"Aug 20, 2023","Sep 25, 2023"
Joel Pereria,Man United,Goalkeeper,24,2019/20,Back injury,"Aug 2, 2019","Aug 16, 2019"
Harry Maguire,Man United,Center Back,27,2020/21,Ankle injury,"May 9, 2021","Jun 13, 2021"
Harry Maguire,Man United,Center Back,28,2021/22,Calf injury,"Sep 25, 2021","Oct 15, 2021"
Harry Maguire,Man United,Center Back,28,2021/22,Chest injury,"Jan 1, 2022","Jan 14, 2022"
Harry Maguire,Man United,Center Back,28,2021/22,Knee problems,"Apr 26, 2022","May 3, 2022"
Harry Maguire,Man United,Center Back,29,2022/23,Hamstring injury,"Sep 26, 2022","Oct 25, 2022"
Victor Lindelof,Man United,Center Back,25,2019/20,Ill,"Jan 20, 2020","Jan 25, 2020"
Victor Lindelof,Man United,Center Back,26,2020/21,Back injury,"Dec 27, 2020","Jan 6, 2021"
Victor Lindelof,Man United,Center Back,26,2021/22,Coronavirus,"Dec 26, 2021","Jan 5, 2022"
Victor Lindelof,Man United,Center Back,27,2021/22,Ill,"Jan 31, 2022","Feb 7, 2022"
Victor Lindelof,Man United,Center Back,28,2022/23,Back problems,"Aug 7, 2022","Aug 31, 2022"
Eric Bailly,Man United,Center Back,26,2019/20,Knee surgery,"Jul 25, 2019","Jan 10, 2020"
Eric Bailly,Man United,Center Back,26,2019/20,Neck injury,"Jul 20, 2020","Jul 25, 2020"
Eric Bailly,Man United,Center Back,27,2020/21,Muscle injury,"Oct 18, 2020","Dec 1, 2020"
Eric Bailly,Man United,Center Back,27,2020/21,Knock,"Jan 21, 2021","Mar 25, 2021"
Eric Bailly,Man United,Center Back,27,2020/21,Coronavirus,"Mar 31, 2021","Apr 20, 2021"
Eric Bailly,Man United,Center Back,28,2021/22,Ankle injury,"Feb 3, 2022","Feb 16, 2022"
Axel Tuanzebe,Man United,Center Back,22,2019/20,Hip injury,"Oct 19, 2019","Nov 23, 2019"
Axel Tuanzebe,Man United,Center Back,22,2019/20,Hamstring strain,"Dec 18, 2019","Mar 5, 2020"
Axel Tuanzebe,Man United,Center Back,23,2020/21,Ankle injury,"Jun 18, 2020","Oct 19, 2020"
Axel Tuanzebe,Man United,Center Back,24,2022/23,unknown injury,"Jul 13, 2022","Jan 23, 2023"
Phil Jones,Man United,Center Back,28,2019/20,Knock,"Sep 26, 2019","Oct 19, 2019"
Phil Jones,Man United,Center Back,28,2019/20,Knee injury,"Jun 12, 2020","Sep 9, 2021"
Luke Shaw,Man United,Left Back,24,2019/20,Hamstring injury,"Aug 24, 2019","Oct 7, 2019"
Luke Shaw,Man United,Left Back,24,2019/20,Muscle injury,"Oct 18, 2019","Nov 27, 2019"
Luke Shaw,Man United,Left Back,25,2020/21,Ankle injury,"Jul 14, 2020","Sep 11, 2020"
Luke Shaw,Man United,Left Back,25,2020/21,Hamstring injury,"Nov 7, 2020","Dec 7, 2020"
Luke Shaw,Man United,Left Back,26,2021/22,Head injury,"Nov 20, 2021","Dec 7, 2021"
Luke Shaw,Man United,Left Back,26,2021/22,Hamstring injury,"Jan 18, 2022","Jan 31, 2022"
Luke Shaw,Man United,Left Back,26,2021/22,Coronavirus,"Mar 2, 2022","Mar 16, 2022"
Luke Shaw,Man United,Left Back,26,2021/22,Leg injury,"Apr 2, 2022","May 13, 2022"
Luke Shaw,Man United,Left Back,27,2022/23,unknown injury,"Apr 6, 2023","Apr 19, 2023"
Brandon Williams,Man United,Left Back,19,2019/20,Head injury,"Jul 14, 2020","Jul 18, 2020"
Aaron Wan-Bissaka,Man United,Right Back,22,2019/20,Tonsillitis,"Sep 27, 2019","Oct 19, 2019"
Aaron Wan-Bissaka,Man United,Right Back,23,2021/22,Hand injury,"Nov 29, 2021","Dec 4, 2021"
Aaron Wan-Bissaka,Man United,Right Back,23,2021/22,Ill,"Jan 14, 2022","Jan 23, 2022"
Aaron Wan-Bissaka,Man United,Right Back,24,2022/23,Back problems,"Sep 12, 2022","Oct 25, 2022"
Nemanja Matic,Man United,Defensive Midfielder,31,2019/20,unknown injury,"Oct 20, 2019","Dec 11, 2019"
Nemanja Matic,Man United,Defensive Midfielder,32,2021/22,Shin injury,"Feb 10, 2022","Feb 18, 2022"
Paul Pogba,Man United,Central Midfielder,27,2019/20,Ankle problems,"Sep 30, 2019","Dec 23, 2019"
Paul Pogba,Man United,Central Midfielder,27,2019/20,Ankle problems,"Dec 26, 2019","Jun 8, 2020"
Paul Pogba,Man United,Central Midfielder,28,2020/21,Ankle injury,"Nov 16, 2020","Dec 3, 2020"
Paul Pogba,Man United,Central Midfielder,28,2020/21,Hamstring injury,"Feb 4, 2021","Mar 18, 2021"
Paul Pogba,Man United,Central Midfielder,28,2021/22,Hamstring injury,"Nov 8, 2021","Feb 3, 2022"
Paul Pogba,Man United,Central Midfielder,28,2021/22,Calf injury,"Apr 18, 2022","May 23, 2022"
Scott McToMinay,Man United,Central Midfielder,23,2019/20,Knee injury,"Nov 11, 2019","Dec 4, 2019"
Scott McToMinay,Man United,Central Midfielder,23,2019/20,Knee injury,"Dec 27, 2019","Feb 22, 2020"
Scott McToMinay,Man United,Central Midfielder,24,2020/21,bruise,"Nov 22, 2020","Dec 1, 2020"
Scott McToMinay,Man United,Central Midfielder,24,2020/21,Knock,"Feb 18, 2021","Feb 26, 2021"
Scott McToMinay,Man United,Central Midfielder,24,2021/22,Groin injury,"Aug 26, 2021","Sep 16, 2021"
Scott McToMinay,Man United,Central Midfielder,25,2021/22,Foot injury,"Apr 6, 2022","Apr 18, 2022"
Scott McToMinay,Man United,Central Midfielder,26,2022/23,unknown injury,"Jan 27, 2023","Feb 18, 2023"
Scott McToMinay,Man United,Central Midfielder,26,2022/23,unknown injury,"Apr 9, 2023","May 11, 2023"
Fred,Man United,Central Midfielder,27,2021/22,Coronavirus,"Feb 7, 2022","Feb 14, 2022"
Fred,Man United,Central Midfielder,27,2021/22,Hip flexor problems,"Apr 9, 2022","Apr 30, 2022"
Bruno Fernandes,Man United,Attacking Midfielder,25,2021/22,Ill,"Mar 12, 2022","Mar 14, 2022"
Jesse Lingard,Man United,Attacking Midfielder,27,2019/20,Ill,"Sep 7, 2019","Sep 18, 2019"
Jesse Lingard,Man United,Attacking Midfielder,27,2019/20,Hamstring injury,"Oct 4, 2019","Oct 23, 2019"
Jesse Lingard,Man United,Attacking Midfielder,27,2019/20,Ill,"Jan 9, 2020","Jan 14, 2020"
Juan Mata,Man United,Attacking Midfielder,32,2020/21,Muscle injury,"Feb 25, 2021","Apr 3, 2021"
Marcus Rashford,Man United,Left winger,22,2019/20,Back injury,"Jan 16, 2020","Jun 5, 2020"
Marcus Rashford,Man United,Left winger,23,2021/22,Shoulder injury,"Jul 14, 2021","Oct 15, 2021"
Marcus Rashford,Man United,Left winger,24,2021/22,Dead leg,"Jan 13, 2022","Jan 17, 2022"
Marcus Rashford,Man United,Left winger,24,2021/22,bronchitis,"May 4, 2022","May 19, 2022"
Marcus Rashford,Man United,Left winger,24,2022/23,Muscle injury,"Apr 8, 2023","Apr 19, 2023"
Marcus Rashford,Man United,Left winger,25,2022/23,Leg injury,"May 11, 2023","May 24, 2023"
Mason Greenwood,Man United,Right winger,18,2019/20,Tonsillitis,"Sep 20, 2019","Sep 23, 2019"
Mason Greenwood,Man United,Right winger,19,2020/21,bruise,"Oct 17, 2020","Nov 23, 2020"
Mason Greenwood,Man United,Right winger,20,2021/22,Coronavirus,"Nov 19, 2021","Nov 27, 2021"
Daniel James,Man United,Right winger,22,2019/20,Knock,"Feb 28, 2020","Mar 7, 2020"
Daniel James,Man United,Right winger,23,2020/21,unknown injury,"Apr 30, 2021","May 21, 2021"
Anthony Martial,Man United,Center Forward,24,2019/20,Hamstring strain,"Aug 25, 2019","Oct 20, 2019"
Anthony Martial,Man United,Center Forward,25,2020/21,Torn knee ligaments,"Mar 29, 2021","Aug 2, 2021"
Anthony Martial,Man United,Center Forward,26,2021/22,Fitness,"Oct 15, 2021","Oct 29, 2021"
Anthony Martial,Man United,Center Forward,26,2021/22,Knee injury,"Dec 4, 2021","Dec 13, 2021"
Anthony Martial,Man United,Center Forward,27,2022/23,Achilles tendon irritation,"Aug 23, 2022","Sep 26, 2022"
Anthony Martial,Man United,Center Forward,27,2022/23,Back injury,"Oct 10, 2022","Oct 31, 2022"
Anthony Martial,Man United,Center Forward,27,2022/23,Hip injury,"Feb 2, 2023","Mar 8, 2023"
Donny Van De Beek,Man United,Central Midfielder,30,2020/21,Muscle injury,"Mar 1, 2021","Mar 15, 2021"
Donny Van De Beek,Man United,Central Midfielder,32,2022/23,Shingles,"Sep 3, 2022","Oct 24, 2022"
Edinson Cavani,Man United,Center Forward,34,2020/21,Knock,"Dec 6, 2020","Dec 18, 2020"
Edinson Cavani,Man United,Center Forward,34,2020/21,Muscle injury,"Feb 15, 2021","Mar 1, 2021"
Edinson Cavani,Man United,Center Forward,34,2020/21,Knock,"Mar 5, 2021","Mar 21, 2021"
Edinson Cavani,Man United,Center Forward,35,2021/22,Tendon irritation,"Nov 4, 2021","Dec 22, 2021"
Edinson Cavani,Man United,Center Forward,35,2021/22,Groin problems,"Feb 11, 2022","Mar 7, 2022"
Edinson Cavani,Man United,Center Forward,35,2021/22,Calf injury,"Apr 1, 2022","Apr 30, 2022"
Raphael Varane,Man United,Center Back,30,2021/22,Groin injury,"Oct 11, 2021","Oct 26, 2021"
Raphael Varane,Man United,Center Back,30,2021/22,Hamstring injury,"Nov 2, 2021","Dec 22, 2021"
Raphael Varane,Man United,Center Back,30,2021/22,abdominal problems,"Feb 14, 2022","Feb 18, 2022"
Raphael Varane,Man United,Center Back,30,2021/22,muscular problems,"Apr 3, 2022","Apr 21, 2022"
Raphael Varane,Man United,Center Back,31,2022/23,Leg injury,"Oct 22, 2022","Nov 14, 2022"
Raphael Varane,Man United,Center Back,31,2022/23,Foot injury,"Apr 14, 2023","May 8, 2023"
Christiano Ronaldo,Man United,Center Forward,39,2021/22,Hip flexor problems,"Jan 10, 2022","Jan 17, 2022"
Christiano Ronaldo,Man United,Center Forward,39,2021/22,Hip flexor problems,"Mar 3, 2022","Mar 7, 2022"
Lisandro Martinez,Man United,Center Back,28,2022/23,Metatarsal fracture,"Apr 14, 2023","Jun 30, 2023"
Christian Eriksen,Man United,Central Midfielder,33,2022/23,Ankle injury,"Jan 29, 2023","Apr 6, 2023"
Marcel Sabitzer,Man United,Central Midfielder,32,2022/23,unknown injury,"Mar 6, 2023","Mar 14, 2023"
Marcel Sabitzer,Man United,Central Midfielder,32,2022/23,Groin problems,"Apr 16, 2023","Apr 19, 2023"
Marcel Sabitzer,Man United,Central Midfielder,32,2022/23,Meniscus injury,"May 10, 2023","Jun 15, 2023"
Jadon Sancho,Man United,Left winger,19,2021/22,Tonsillitis,"Apr 26, 2022","May 8, 2022"
Jadon Sancho,Man United,Left winger,20,2022/23,depression,"Dec 26, 2022","Jan 31, 2023"
David Raya,Brentford,Goalkeeper,26,2021/22,Knee injury,"Oct 25, 2021","Feb 4, 2022"
Kristoffer Ajer,Brentford,Center Back,24,2021/22,Hamstring injury,"Jul 9, 2022","Aug 31, 2022"
Kristoffer Ajer,Brentford,Center Back,26,2023/24,Foot injury,"Dec 2, 2023","Jan 16, 2024"
Kristoffer Ajer,Brentford,Center Back,26,2023/24,Calf strain,"Apr 6, 2024","Apr 20, 2024"
Ethan Pinnock,Brentford,Center Back,29,2023/24,Ankle injury,"Feb 10, 2024","Apr 13, 2024"
Rico Henry,Brentford,Left Back,24,2023/24,Knee injury,"Sep 16, 2023","Oct 5, 2024"
Christian Norgaard,Brentford,Defensive Midfielder ,30,2023/24,Foot injury,"Jan 5, 2024","Jan 30, 2024"
Christian Norgaard,Brentford,Defensive Midfielder ,30,2023/24,Back injury,"Mar 9, 2024","Apr 16, 2024"
Vitaly Janelt,Brentford,Defensive Midfielder ,24,2022/23,Knee injury,"Mar 15, 2023","Apr 6, 2023"
Christian Eriksen,Brentford,Central Midfielder,30,2021/22,Fitness,"Jan 31, 2022","Feb 25, 2022"
Mathias Jensen,Brentford,Central Midfielder,26,2021/22,Leg injury,"Jul 7, 2021","Aug 31, 2021"
Josh Dasilva,Brentford,Central Midfielder,23,2023/24,Hamstring injury,"Aug 19, 2023","Jan 4, 2024"
Josh Dasilva,Brentford,Central Midfielder,23,2023/24,Ankle injury,"Dec 6, 2023","Mar 30, 2024"
Josh Dasilva,Brentford,Central Midfielder,23,2023/24,Knee surgery,"Feb 5, 2024","Mar 15, 2025"
Frank Onyeka,Brentford,Central Midfielder,24,2021/22,Ankle injury,"Mar 25, 2022","May 16, 2022"
Frank Onyeka,Brentford,Central Midfielder,25,2022/23,Thigh problems,"Mar 25, 2023","Apr 9, 2023"
Shandon Baptiste,Brentford,Central Midfielder,24,2023/24,Shoulder injury,"Aug 25, 2023","Nov 11, 2023"
Samman Ghoddos,Brentford,Attacking Midfielder,28,2021/22,Coronavirus,"Mar 19, 2022","Mar 26, 2022"
Bryan Mbeumo,Brentford,Right winger,22,2023/24,Ankle injury,"Dec 7, 2023","Mar 12, 2024"
Sergi Canos,Brentford,Right winger,25,2022/23,Hamstring injury,"Aug 1, 2022","Sep 5, 2022"
Yoane Wissa,Brentford,Center Forward,25,2023/24,Ankle injury,"Sep 14, 2024","Nov 30, 2024"
Ben Mee,Brentford,Center Back,33,2023/24,Muscle injury,"Sep 26, 2023","Oct 20, 2023"
Ben Mee,Brentford,Center Back,33,2023/24,Ankle injury,"Feb 26, 2024","Jun 30, 2024"
Aaron Hickey,Brentford,Right Back,21,2022/23,Ankle injury,"Oct 10, 2022","Dec 31, 2022"
Aaron Hickey,Brentford,Right Back,22,2023/24,Hamstring injury,"Nov 2, 2023","Apr 2, 2025"
Kevin Schade,Brentford,Left winger,21,2023/24,Adductor injury,"Sep 23, 2023","Apr 10, 2024"
Mikkel Damsgaard,Brentford,Left winger,22,2023/24,Knee surgery,"Sep 29, 2023","Dec 5, 2023"
Mikkel Damsgaard,Brentford,Left winger,22,2023/24,Adductor pain,"Aug 26, 2023","Sep 27, 2023"
Keane Lewis-Potter,Brentford,Left winger,22,2022/23,Knee injury,"Mar 5, 2023","May 2, 2023"
Keane Lewis-Potter,Brentford,Left winger,22,2022/23,Fitness,"Oct 11, 2022","Oct 31, 2022"
Keane Lewis-Potter,Brentford,Left winger,22,2022/23,Ligament injury,"Sep 5, 2022","Oct 10, 2022"
Mark Flekken,Brentford,Goalkeeper,31,2023/24,cold,"Oct 3, 2023","Oct 19, 2023"
Nathan Collins,Brentford,Center Back,23,2023/24,Injury to the ankle,"Nov 18, 2023","Dec 15, 2023"
Nathan Collins,Brentford,Center Back,23,2023/24,unknown injury,"May 17, 2024","Jun 26, 2024"
Richarlison,Tottenham,Center Forward,27,2021/22,Calf injury,"Oct 15,2022","Nov 8,2022"
Richarlison,Tottenham,Center Forward,28,2022/23,Hamstring injury,"Dec 9,2022","Jan 13,2023"
Richarlison,Tottenham,Center Forward,28,2022/23,Groin Surgery,"Nov 10,2023","Dec 3,2023"
Sergio Reguilon,Tottenham,Left Back,24,2020/21,Ankle sprain,"Sep 7,2020","Sep 25,2020"
Sergio Reguilon,Tottenham,Left Back,24,2020/21,Muscle injury,"Jan 26,2021","Feb 19,2021"
Sergio Reguilon,Tottenham,Left Back,25,2021/22,Coronavirus,"Feb 15,2022","Feb 22,2022"
Sergio Reguilon,Tottenham,Left Back,25,2021/22,Groin Surgery,"Apr 30,2022","Jun 30,2022"
Ben Davies,Tottenham,Center Back,27,2019/20,Groin Surgery,"Jan 24,2019","Feb 25,2019"
Ben Davies,Tottenham,Center Back,27,2019/20,Ankle sprain,"Aug 8,2019","Aug 19,2019"
Ben Davies,Tottenham,Center Back,28,2020/21,Shin injury,"Nov 21,2020","Feb 10,2021"
Ben Davies,Tottenham,Center Back,30,2022/23,Shin injury,"Sep 15,2022","Oct 3,2022"
Heungmin Son,Tottenham,Left winger,28,2019/20,Broken arm,"Feb 17,2020","Apr 30,2020"
Heungmin Son,Tottenham,Left winger,29,2020/21,Hamstring injury,"Mar 15,2021","Apr 5,2021"
Heungmin Son,Tottenham,Left winger,30,2021/22,Calf injury,"Sep 6,2021","Sep 20,2021"
Heungmin Son,Tottenham,Left winger,30,2021/22,Hamstring injury,"Jan 6,2022","Feb 3,2022"
Heungmin Son,Tottenham,Left winger,31,2022/23,Facial fracture,"Nov 2,2022","Nov 20,2022"
Oliver Skipp,Tottenham,Defensive Midfielder,19,2019/20,Hip injury,"Nov 9,2019","Dec 4,2019"
Oliver Skipp,Tottenham,Defensive Midfielder,22,2021/22,Inflammation bone,"Feb 5,2022","Jun 30,2022"
Oliver Skipp,Tottenham,Defensive Midfielder,22,2022/23,Foot injury,"Jul 18,2022","Aug 29,2022"
Harry winks,Tottenham,Defensive Midfielder,24,2020/21,Ankle sprain,"Dec 6,2019","Dec 19,2019"
Harry winks,Tottenham,Defensive Midfielder,23,2019/20,Knock,"Nov 19,2020","Nov 25,2020"
Moussa Sissoko,Tottenham,Central Midfielder,30,2019/20,Knee Surgery,"Jan 2,2020","Mar 20,2020"
Lucas Moura,Tottenham,Right winger,29,2021/22,Ankle sprain,"Sep 16,2021","Sep 23,2021"
Lucas Moura,Tottenham,Right winger,30,2021/22,Dead leg,"Feb 24,2022","Mar 23,2022"
Lucas Moura,Tottenham,Right winger,30,2022/23,Calf injury,"Aug 29,2022","Oct 10,2022"
Dele Alli,Tottenham,Attacking Midfielder,23,2019/20,Hamstring injury,"Aug 4,2019","Aug 31,2019"
Dele Alli,Tottenham,Attacking Midfielder,24,2019/20,Muscle injury,"Jul 3,2020","Jul 25,2020"
Dele Alli,Tottenham,Attacking Midfielder,25,2020/21,Tendon irritation,"Jan 22,2021","Feb 9,2021"
Harry Kane,Tottenham,Center Forward,26,2019/20,Ill,"Nov 1,2019","Nov 4,2019"
Harry Kane,Tottenham,Center Forward,27,2019/20,Torn thigh muscle,"Jan 2,2020","Mar 9,2020"
Harry Kane,Tottenham,Center Forward,27,2019/20,Fitness,"Mar 9,2020","Apr 1,2020"
Harry Kane,Tottenham,Center Forward,28,2020/21,Ankle sprain,"Jan 29,2021","Feb 5,2021"
Harry Kane,Tottenham,Center Forward,28,2020/21,Ankle sprain,"Apr 16,2021","Apr 22,2021"
Hugo Lloris,Tottenham,Goalkeeper,32,2019/20,Elbow injury,"Oct 6,2019","Jan 18,2020"
Hugo Lloris,Tottenham,Goalkeeper,33,2019/20,Groin Strain,"Feb 6,2020","Mar 6,2020"
Hugo Lloris,Tottenham,Goalkeeper,36,2022/23,Knee injury,"Feb 6,2023","Mar 22,2023"
Hugo Lloris,Tottenham,Goalkeeper,36,2022/23,Thigh Problems,"Apr 24,2023","Oct 2,2023"
Davinson Sanchez,Tottenham,Center Back,23,2019/20,Ankle sprain,"Sep 12,2019","Sep 17,2019"
Davinson Sanchez,Tottenham,Center Back,25,2021/22,Quarantine,"Sep 9,2021","Sep 17,2021"
Eric Dier,Tottenham,Center Back,25,2019/20,Hip injury,"Aug 30,2019","Sep 12,2019"
Eric Dier,Tottenham,Center Back,26,2020/21,Muscle injury,"Oct 13,2020","Oct 25,2020"
Eric Dier,Tottenham,Center Back,28,2021/22,Thigh Problems,"Jan 3,2022","Jan 20,2022"
Eric Dier,Tottenham,Center Back,28,2021/22,Thigh Problems,"Feb 4,2022","Feb 15,2022"
Ryan Sessegnon,Tottenham,Left Back,21,2021/22,Bruise,"Sep 1,2021","Nov 14,2021"
Ryan Sessegnon,Tottenham,Left Back,21,2021/22,Muscle injury,"Dec 21,2021","Jan 7,2022"
Ryan Sessegnon,Tottenham,Left Back,22,2021/22,Hamstring injury,"Mar 7,2022","Apr 7,2022"
Ryan Sessegnon,Tottenham,Left Back,23,2022/23,Hamstring injury,"Feb 11,2023","Jun 30,2023"
Emerson Royal,Tottenham,Right Back,22,2021/22,Unknown surgery,"Dec 3,2021","Dec 13,2021"
Emerson Royal,Tottenham,Right Back,24,2022/23,Knee injury,"Mar 25,2023","May 1,2023"
Matt Doherty,Tottenham,Right Back,28,2020/21,Coronavirus,"Nov 16,2020","Nov 25,2020"
Matt Doherty,Tottenham,Right Back,29,2020/21,Unknown injury,"Jan 16,2021","Jan 26,2021"
Matt Doherty,Tottenham,Right Back,29,2020/21,Muscle injury,"Apr 1,2021","Apr 30,2021"
Matt Doherty,Tottenham,Right Back,29,2021/22,Unknown injury,"Oct 13,2021","Oct 26,2021"
Matt Doherty,Tottenham,Right Midfielder,30,2021/22,Internal ligament tear,"Apr 10,2022","Jul 10,2022"
Pierre Emile Hojberg,Tottenham,Defensive Midfielder,28,2022/23,Bruise,"May 10,2023","Jun 7,2023"
Rodrigo Bentacur,Tottenham,Defensive Midfielder,25,2021/22,Ankle injury,"Feb 25,2022","Mar 4,2022"
Rodrigo Bentacur,Tottenham,Defensive Midfielder,25,2022/23,Head injury,"Aug 28,2022","Sep 1,2022"
Rodrigo Bentacur,Tottenham,Defensive Midfielder,25,2022/23,Adductor pain,"Dec 3,2022","Jan 16,2023"
Rodrigo Bentacur,Tottenham,Defensive Midfielder,26,2022/23,Cruciate ligament tear,"Feb 12,2023","Oct 24,2023"
Rodrigo Bentacur,Tottenham,Defensive Midfielder,26,2023/24,Torn ankle ligaments,"Nov 27,2023","Dec 29,2023"
Tanguy Ndombele,Tottenham,Central Midfielder ,22,2019/20,Hamstring injury,"Aug 18,2019","Sep 12,2019"
Tanguy Ndombele,Tottenham,Central Midfielder ,22,2019/20,Groin Strain,"Nov 19,2019","Nov 26,2019"
Tanguy Ndombele,Tottenham,Central Midfielder ,22,2019/20,Groin Strain,"Dec 6,2019","Dec 21,2019"
Tanguy Ndombele,Tottenham,Central Midfielder ,23,2019/20,Groin Strain,"Jan 1,2020","Jan 21,2019"
Tanguy Ndombele,Tottenham,Central Midfielder ,23,2019/20,Knock,"Jul 13,2020","Jul 31,2020"
Tanguy Ndombele,Tottenham,Central Midfielder ,23,2020/21,Unknown injury,"Dec 5,2020","Dec 8,2020"
Giovani Lo Celso,Tottenham,Central Midfielder ,23,2019/20,Hip injury,"Sep 7,2019","Oct 20,2019"
Giovani Lo Celso,Tottenham,Central Midfielder ,24,2020/21,Hamstring injury,"Aug 22,2020","Sep 16,2020"
Giovani Lo Celso,Tottenham,Central Midfielder ,24,2020/21,Muscle Strain,"Oct 2,2020","Oct 21,2020"
Giovani Lo Celso,Tottenham,Central Midfielder ,24,2020/21,Hamstring injury,"Dec 20,2020","Mar 14,2021"
Giovani Lo Celso,Tottenham,Central Midfielder ,26,2021/22,Quarantine,"Sep 9,2021","Sep 17,2021"
Giovani Lo Celso,Tottenham,Central Midfielder ,25,2021/22,Knee injury,"Nov 18,2021","Dec 15,2021"
Giovani Lo Celso,Tottenham,Central Midfielder ,25,2021/22,Shin injury,"Dec 25,2021","Dec 30,2021"
Giovani Lo Celso,Tottenham,Central Midfielder ,27,2023/24,Hamstring injury,"Aug 29,2023","Oct 5,2023"
Giovani Lo Celso,Tottenham,Central Midfielder ,27,2023/24,Unknown injury,"Dec 14,2023","Dec 22,2024"
Giovani Lo Celso,Tottenham,Central Midfielder ,28,2023/24,Muscle Strain,"Jan 6,2024","Feb 11,2024"
Giovani Lo Celso,Tottenham,Central Midfielder ,28,2023/24,Knee injury,"May 15,2024","May 20,2024"
Bryan Gil,Tottenham,Left winger,20,2021/22,Hamstring injury,"Oct 25,2021","Nov 18,2021"
Bryan Gil,Tottenham,Left winger,20,2021/22,Coronavirus,"Dec 6,2021","Dec 23,2021"
Bryan Gil,Tottenham,Left winger,21,2022/23,Knock,"Aug 29,2022","Sep 12,2022"
Bryan Gil,Tottenham,Left winger,22,2023/24,Inflammation of pubic bone,"Aug 2,2023","Oct 5,2023"
Bryan Gil,Tottenham,Left winger,22,2020/21,Knock,"Nov 6,2020","Nov 20,2020"
Nick Pope,Burnley,Goalkeeper,28,2020/21,head injury,"Nov 27, 2020","Dec 4, 2020"
Nick Pope,Burnley,Goalkeeper,28,2020/21,knee surgery,"May 12, 2021","Jun 30, 2021"
Nick Pope,Burnley,Goalkeeper,29,2021/22,Coronavirus,"Dec 29, 2021","Jan 6, 2022"
James Tarkowski,Burnley,Center Back,27,2020/21,toe injury,"Sep 16, 2020","Sep 29, 2020"
Ben Mee,Burnley,Center Back,30,2019/20,hamstring strain,"Jul 3, 2020","Nov 5, 2020"
Ben Mee,Burnley,Center Back,31,2020/21,head injury,"Feb 14, 2021","Feb 21, 2021"
Ben Mee,Burnley,Center Back,32,2021/22,hairline fracture,"Mar 1, 2022","Jun 30, 2022"
Erik Pieters,Burnley,Center Back,32,2020/21,calf injury,"Oct 20, 2020","Nov 22, 2020"
Erik Pieters,Burnley,Center Back,33,2021/22,knee injury,"Feb 26, 2022","May 2, 2022"
Charlie Taylor,Burnley,Left Back,26,2019/20,hamstring strain,"Dec 1, 2019","Dec 20, 2019"
Charlie Taylor,Burnley,Left Back,26,2019/20,hamstring strain,"Feb 3, 2020","Feb 14, 2020"
Charlie Taylor,Burnley,Left Back,26,2020/21,hamstring strain,"Jul 16, 2020","Sep 16, 2020"
Charlie Taylor,Burnley,Left Back,27,2020/21,hamstring strain,"Dec 30, 2020","Feb 15, 2021"
Charlie Taylor,Burnley,Left Back,28,2021/22,Bruise on ankle,"Jan 7, 2022","Feb 25, 2022"
Matthew Lowton,Burnley,Right Back,30,2019/20,knee injury,"Feb 3, 2020","Jun 10, 2020"
Matthew Lowton,Burnley,Right Back,31,2019/20,ankle and knee injury,"Jun 28, 2020","Oct 25, 2020"
Phil Bardsley,Burnley,Right Back,34,2019/20,knock,"Dec 5, 2019","Dec 13, 2019"
Phil Bardsley,Burnley,Right Back,34,2019/20,back injury,"Jan 20, 2020","Feb 1, 2020"
Jack Cork,Burnley,Defensive Midfielder,30,2019/20,shoulder injury,"Sep 29, 2019","Oct 25, 2019"
Jack Cork,Burnley,Defensive Midfielder,31,2020/21,broken foot,"Jun 30, 2020","Dec 13, 2020"
Ashley Westwood,Burnley,Defensive Midfielder,30,2019/20,groin injury,"Nov 24, 2019","Dec 13, 2019"
Ashley Westwood,Burnley,Defensive Midfielder,33,2021/22,broken ankle,"Apr 17, 2022","Dec 31, 2022"
Josh Brownhill,Burnley,Central Midfielder,24,2020/21,ankle injury,"Jan 28, 2021","Feb 12, 2021"
Josh Brownhill,Burnley,Central Midfielder,26,2021/22,Coronavirus,"Dec 13, 2021","Jan 6, 2022"
Robbie Brady,Burnley,Left Midfielder,28,2020/21,chest injury,"Sep 21, 2020","Oct 2, 2020"
Robbie Brady,Burnley,Left Midfielder,28,2020/21,hamstring injury,"Nov 24, 2020","Dec 4, 2020"
Robbie Brady,Burnley,Left Midfielder,28,2020/21,hamstring injury,"Dec 22, 2020","Dec 28, 2020"
Robbie Brady,Burnley,Left Midfielder,29,2020/21,calf injury,"Feb 1, 2021","Feb 12, 2021"
Dwight McNeil,Burnley,Left winger,21,2020/21,groin injury,"Dec 22, 2020","Jan 11, 2021"
Jóhann Berg Gudmundsson,Burnley,Right winger,28,2019/20,calf strain,"Aug 26, 2019","Sep 27, 2019"
Jóhann Berg Gudmundsson,Burnley,Right winger,29,2019/20,hamstring strain,"Oct 13, 2019","Dec 25, 2019"
Jóhann Berg Gudmundsson,Burnley,Right winger,29,2019/20,hamstring strain,"Jan 5, 2020","Jul 4, 2020"
Jóhann Berg Gudmundsson,Burnley,Right winger,29,2020/21,knee injury,"Sep 18, 2020","Oct 2, 2020"
Jóhann Berg Gudmundsson,Burnley,Right winger,30,2020/21,hamstring strain,"Oct 28, 2020","Nov 5, 2020"
Jóhann Berg Gudmundsson,Burnley,Right winger,30,2020/21,hamstring strain,"Nov 29, 2020","Jan 11, 2021"
Jóhann Berg Gudmundsson,Burnley,Right winger,30,2020/21,groin strain,"Feb 18, 2021","Mar 4, 2021"
Jóhann Berg Gudmundsson,Burnley,Right winger,31,2021/22,appendectomy and calf injury,"Jan 24, 2022","Aug 21, 2022"
Jóhann Berg Gudmundsson,Burnley,Right winger,32,2023/24,muscle injury,"Sep 23, 2023","Oct 22, 2023"
Aaron Lennon,Burnley,Right winger,32,2019/20,ill,"Dec 22, 2019","Jan 10, 2020"
Chris Wood,Burnley,Center Forward,27,2019/20,hamstring injury,"Oct 20, 2019","Nov 8, 2019"
Chris Wood,Burnley,Center Forward,28,2019/20,hamstring strain,"Feb 16, 2020","Feb 28, 2020"
Chris Wood,Burnley,Center Forward,28,2019/20,calf injury,"Jun 5, 2020","Jul 4, 2020"
Chris Wood,Burnley,Center Forward,29,2020/21,hamstring strain,"Feb 1, 2021","Feb 18, 2021"
Ashley Barnes,Burnley,Center Forward,29,2019/20,groin injury,"Oct 17, 2019","Oct 25, 2019"
Ashley Barnes,Burnley,Center Forward,30,2019/20,groin injury,"Dec 5, 2019","Dec 13, 2019"
Ashley Barnes,Burnley,Center Forward,30,2019/20,groin surgery,"Jan 2, 2020","Sep 29, 2020"
Ashley Barnes,Burnley,Center Forward,31,2020/21,bruise,"Jan 27, 2021","Feb 5, 2021"
Ashley Barnes,Burnley,Center Forward,32,2021/22,groin injury,"Nov 18, 2021","Feb 6, 2022"
Jay Rodríguez,Burnley,Center Forward,30,2019/20,ill,"Jan 5, 2020","Jan 18, 2020"
Jay Rodríguez,Burnley,Center Forward,30,2019/20,hamstring strain,"Jun 26, 2020","Jul 4, 2020"
Jay Rodríguez,Burnley,Center Forward,31,2020/21,ankle injury,"Sep 23, 2020","Oct 18, 2020"
Jay Rodríguez,Burnley,Center Forward,32,2020/21,knee injury,"Dec 28, 2020","Jan 11, 2021"
Jay Rodríguez,Burnley,Center Forward,33,2021/22,hamstring injury,"Apr 29, 2020","Aug 7, 2020"
Matej Vydra,Burnley,Center Forward,27,2019/20,hip injury,"Nov 3, 2019","Dec 3, 2019"
Matej Vydra,Burnley,Center Forward,28,2020/21,back injury,"Dec 18, 2020","Jan 11, 2020"
Matej Vydra,Burnley,Center Forward,28,2020/21,hamstring injury,"Feb 10, 2021","Feb 18, 2021"
Matej Vydra,Burnley,Center Forward,29,2021/22,groin surgery and elbow injury,"Feb 3, 2022","Feb 28, 2022"
Dale Stephens,Burnley,Central Midfielder,31,2020/21,hamstring injury,"Nov 19, 2020","Dec 13, 2020"
Dale Stephens,Burnley,Central Midfielder,31,2020/21,knock,"Feb 14, 2021","Feb 18, 2021"
Connor Roberts,Burnley,Right Back,26,2021/22,infection,"Dec 8, 2021","Jan 9, 2022"
Maxwel Cornet,Burnley,Left winger,25,2021/22,hamstring injury,"Dec 4, 2021","Dec 31, 2021"
Maxwel Cornet,Burnley,Left winger,25,2021/22,knee problems,"Apr 22, 2022","May 5, 2022"
Jordan Beyer,Burnley,Center Back,23,2023/24,meniscus injury,"Oct 4, 2023","Oct 30, 2023"
Jordan Beyer,Burnley,Center Back,23,2023/24,knee injury,"Jan 8, 2024",Present
Hjalmar Ekdal,Burnley,Center Back,23,2023/24,knee injury,"Aug 30, 2023","Nov 18, 2023"
Mike Trésor,Burnley,Left winger,24,2023/24,hamstring injury,"Aug 10, 2023","Sep 17, 2023"
Luca Koleosho,Burnley,Right winger,19,2023/24,knee injury,"Dec 6, 2023","Jun 17, 2024"
Nathan Redmond,Burnley,Right winger,29,2023/24,unknown injur,"Sep 10, 2023","Oct 15, 2023"
Lyle Foster,Burnley,Center Forward,23,2023/24,depression,"Nov 9, 2023","Dec 10, 2023"
Ameen Al-Dakhil,Burnley,Center Back,21,2023/24,muscle injury,"Feb 8, 2024","Sep 23, 2024"
Vitinho,Burnley,Right Back,24,2023/24,knee injury,"Aug 30, 2023","Sep 25, 2023"
Jordan Pickford,Everton,Goalkeeper,26,2020/21,chest injury,"Jan 28, 2021","Feb 18, 2021"
Jordan Pickford,Everton,Goalkeeper,27,2021/22,shoulder injury,"Sep 13, 2021","Sep 27, 2021"
Jordan Pickford,Everton,Goalkeeper,28,2022/23,thigh problems,"Sep 9, 2022","Sep 27, 2022"
Michael Keane,Everton,Center Back,27,2019/20,neck injury,"Jan 17, 2020","Jan 20, 2020"
Yerry Mina,Everton,Center Back,25,2019/20,knee injury,"Oct 20, 2019","Nov 2, 2019"
Yerry Mina,Everton,Center Back,25,2019/20,bruise,"Dec 6, 2019","Dec 14, 2019"
Yerry Mina,Everton,Center Back,25,2019/20,muscle injury,"Jun 2, 2020","June 30, 2020"
Yerry Mina,Everton,Center Back,25,2019/20,muscle injury,"Jul 13, 2020","Sep 12, 2020"
Yerry Mina,Everton,Center Back,26,2020/21,calf injury,"Feb 18, 2021","Mar 12, 2021"
Yerry Mina,Everton,Center Back,27,2021/22,thigh problems,"Oct 22, 2021","Nov 30, 2021"
Yerry Mina,Everton,Center Back,27,2021/22,hamstring injury,"Feb 8, 2022","Apr 11, 2022"
Yerry Mina,Everton,Center Back,27,2022/23,ankle injury,"Aug 6, 2022","Oct 31, 2022"
Mason Holgate,Everton,Center Back,22,2019/20,calf injury,"Jul 7, 2020","Jul 15, 2020"
Mason Holgate,Everton,Center Back,22,2020/21,ankle injury,"Sep 18, 2020","Nov 6, 2020"
Mason Holgate,Everton,Center Back,24,2022/23,knee injury,"Aug 27, 2022","Oct 16, 2022"
Lucas Digne,Everton,Left Back,26,2019/20,calf injury,"Feb 9, 2020","Mar 7, 2020"
Lucas Digne,Everton,Left Back,27,2020/21,ankle injury,"Nov 26, 2020","Jan 11, 2021"
Djibril Sidibé,Everton,Right Back,27,2019/20,unknown injury,"Dec 15, 2019","Dec 18, 2019"
Djibril Sidibé,Everton,Right Back,27,2019/20,foot injury,"Jun 21, 2020","Jul 1, 2020"
Séamus Coleman,Everton,Right Back,30,2019/20,hamstring injury,"Nov 24, 2019","Dec 14, 2019"
Séamus Coleman,Everton,Right Back,30,2019/20,hamstring strain,"Mar 2, 2020","Jun 14, 2020"
Séamus Coleman,Everton,Right Back,31,2020/21,muscle injury,"Oct 17, 2020","Dec 18, 2020"
Séamus Coleman,Everton,Right Back,31,2021/22,hamstring injury,"Sep 17, 2021","Oct 15, 2021"
Séamus Coleman,Everton,Right Back,33,2022/23,knee injury,"May 1, 2023","Nov 23, 2023"
Jean-Philippe Gbamin,Everton,Defensive Midfielder,24,2019/20,"hamstring injury, archilles tendon rupture and inner ligament injury","Aug 18, 2019","Jun 30, 2021"
Morgan Schneiderlin,Everton,Defensive Midfielder,29,2019/20,calf strain,"Dec 8, 2019","Jan 4, 2020"
Morgan Schneiderlin,Everton,Defensive Midfielder,29,2019/20,knee injury,"Feb 24, 2020","Aug 22, 2020"
André Gomes,Everton,Central Midfielder,26,2019/20,bruised ribs,"Sep 2, 2019","Oct 4, 2019"
André Gomes,Everton,Central Midfielder,26,2019/20,ankle injury,"Nov 4, 2019","Feb 21, 2020"
André Gomes,Everton,Central Midfielder,27,2020/21,bruise,"Sep 27, 2020","Oct 16, 2020"
André Gomes,Everton,Central Midfielder,28,2021/22,calf injury,"Sep 21, 2021","Dec 5, 2021"
André Gomes,Everton,Central Midfielder,29,2023/24,fitness,"Aug 13, 2023","Dec 3, 2023"
Tom Davies,Everton,Central Midfielder,21,2019/20,ill,"Jan 30, 2020","Feb 4, 2020"
Tom Davies,Everton,Central Midfielder,22,2020/21,bruise,"Oct 28, 2020","Nov 4, 2020"
Tom Davies,Everton,Central Midfielder,23,2021/22,knee injury,"Nov 19, 2021","Jun 30, 2022"
Fabian Delph,Everton,Central Midfielder,28,2019/20,calf injury,"Aug 3, 2019","Aug 31, 2019"
Fabian Delph,Everton,Central Midfielder,28,2019/20,muscle injury,"Oct 6, 2019","Oct 24, 2019"
Fabian Delph,Everton,Central Midfielder,28,2019/20,muscle injury,"Nov 4, 2019","Dec 20, 2019"
Fabian Delph,Everton,Central Midfielder,29,2019/20,calf injury,"Jun 2, 2020","Sep 23, 2020"
Fabian Delph,Everton,Central Midfielder,29,2020/21,bruise,"Nov 2, 2020","Nov 27, 2020"
Fabian Delph,Everton,Central Midfielder,30,2020/21,hamstring injury,"Dec 6, 2020","Feb 3, 2021"
Fabian Delph,Everton,Central Midfielder,30,2021/22,shoulder injury,"Aug 27, 2021","Oct 25, 2021"
Fabian Delph,Everton,Central Midfielder,31,2021/22,hamstring injury,"Jan 21, 2022","Apr 5, 2022"
Gylfi Sigurdsson,Everton,Attacking Midfielder,30,2019/20,knock,"Dec 8, 2019","Dec 20, 2019"
Gylfi Sigurdsson,Everton,Attacking Midfielder,30,2019/20,groin injury,"Jan 12, 2020","Jan 31, 2020"
Alex Iwobi,Everton,Left winger,23,2019/20,hamstring injury,"Dec 23, 2019","Jan 27, 2020"
Alex Iwobi,Everton,Left winger,25,2021/22,calf injury,"Oct 1, 2021","Oct 13, 2021"
Alex Iwobi,Everton,Left winger,27,2023/24,hamstring injury,"Aug 20, 2023","Sep 15, 2023"
Bernard,Everton,Left winger,27,2019/20,ill,"Sep 26, 2019","Oct 4, 2019"
Bernard,Everton,Left winger,27,2019/20,knee injury,"Oct 27, 2019","Nov 30, 2019"
Bernard,Everton,Left winger,27,2019/20,knee injury,"Jan 1, 2020","Jan 4, 2020"
Anthony Gordon,Everton,Left winger,21,2022/23,ill,"Dec 29, 2022","Jan 4, 2023"
Theo Walcott,Everton,Right winger,30,2019/20,head injury,"Sep 9, 2019","Oct 18, 2019"
Theo Walcott,Everton,Right winger,30,2019/20,knock,"Nov 24, 2019","Dec 4, 2019"
Theo Walcott,Everton,Right winger,30,2019/20,calf strain,"Dec 8, 2019","Dec 25, 2019"
Theo Walcott,Everton,Right winger,30,2019/20,knee injury,"Feb 9, 2020","Feb 28, 2020"
Theo Walcott,Everton,Right winger,31,2019/20,abdominal muscle strain,"Jun 8, 2020","Jul 8, 2020"
Richarlison,Everton,Center Forward,22,2019/20,knee injury,"Jan 12, 2020","Jan 30, 2020"
Richarlison,Everton,Center Forward,23,2020/21,head injury,"Dec 5, 2020","Dec 31, 2020"
Richarlison,Everton,Center Forward,24,2021/22,knee injury,"Sep 13, 2021","Oct 22, 2021"
Richarlison,Everton,Center Forward,24,2021/22,calf injury,"Dec 12, 2021","Jan 12, 2022"
Moise Kean,Everton,Center Forward,20,2019/20,knee injury,"Jul 17, 2020","Jul 25, 2020"
Dominic Calvert-Lewin,Everton,Center Forward,23,2020/21,muscle injury,"Jan 2, 2021","Jan 26, 2021"
Dominic Calvert-Lewin,Everton,Center Forward,23,2020/21,hamstring injury,"Feb 11, 2021","Feb 19, 2021"
Dominic Calvert-Lewin,Everton,Center Forward,24,2021/22,broken toe,"Aug 28, 2021","Dec 31, 2021"
Dominic Calvert-Lewin,Everton,Center Forward,25,2021/22,hamstring injury,"Apr 12, 2022","Apr 30, 2022"
Dominic Calvert-Lewin,Everton,Center Forward,25,2022/23,knee injury,"Aug 4, 2022","Oct 3, 2022"
Dominic Calvert-Lewin,Everton,Center Forward,25,2022/23,hamstring injury,"Nov 5, 2022","Dec 28, 2022"
Dominic Calvert-Lewin,Everton,Center Forward,25,2022/23,hamstring injury,"Feb 4, 2023","Apr 20, 2023"
Dominic Calvert-Lewin,Everton,Center Forward,26,2022/23,hamstring injury,"May 20, 2023","Jun 20, 2023"
Dominic Calvert-Lewin,Everton,Center Forward,26,2023/24,fitness and broken cheekbone,"Aug 1, 2023","Sep 14, 2023"
Dominic Calvert-Lewin,Everton,Center Forward,27,2023/24,ill,"Apr 25, 2024","May 1, 2024"
Cenk Tosun,Everton,Center Forward,28,2019/20,groin injury,"Oct 18, 2019","Oct 27, 2019"
Cenk Tosun,Everton,Center Forward,28,2019/20,cruciate ligament surgery,"Mar 2, 2020","Oct 26, 2020"
Ben Godfrey,Everton,Center Back,22,2020/21,hamstring injury,"Oct 26, 2020","Nov 6, 2020"
Ben Godfrey,Everton,Center Back,24,2022/23,broken fibula,"Aug 6, 2022","Nov 5, 2022"
Ben Godfrey,Everton,Center Back,25,2022/23,adductor injury,"Apr 30, 2023","May 30, 2023"
Allan,Everton,Defensive Midfielder,29,2020/21,groin injury,"Oct 2, 2020","Oct 16, 2020"
Allan,Everton,Defensive Midfielder,29,2020/21,muscle injury,"Dec 17, 2020","Feb 13, 2021"
Abdoulaye Doucouré,Everton,Central Midfielder,28,2020/21,foot injury,"Mar 4, 2021","May 7, 2021"
Abdoulaye Doucouré,Everton,Central Midfielder,28,2021/22,stress reaction of the bone,"Oct 17, 2021","Nov 28, 2021"
Abdoulaye Doucouré,Everton,Central Midfielder,29,2022/23,hamstring injury,"Aug 13, 2022","Oct 3, 2022"
Abdoulaye Doucouré,Everton,Central Midfielder,30,2023/24,thigh problems,"Dec 17, 2023","Jan 12, 2024"
James Rodríguez,Everton,Attacking Midfielder,29,2020/21,groin injury,"Oct 26, 2020","Nov 6, 2020"
James Rodríguez,Everton,Attacking Midfielder,29,2020/21,calf strain,"Dec 6, 2020","Dec 31, 2020"
James Rodríguez,Everton,Attacking Midfielder,29,2020/21,calf injury,"Feb 22, 2021","Apr 1, 2021"
James Rodríguez,Everton,Attacking Midfielder,29,2020/21,calf injury,"May 1, 2021","May 14, 2021"
Vitaliy Mykolenko,Everton,Left Back,22,2021/22,Coronavirus,"Feb 7, 2022","Feb 16, 2022"
Vitaliy Mykolenko,Everton,Left Back,22,2022/23,muscle fatigue,"May 13, 2023","Jun 5, 2023"
Vitaliy Mykolenko,Everton,Left Back,24,2023/24,groin injury,"Dec 15, 2023","Dec 22, 2023"
Vitaliy Mykolenko,Everton,Left Back,24,2023/24,cold,"Mar 28, 2024","Apr 1, 2024"
Vitaliy Mykolenko,Everton,Left Back,24,2023/24,ankle injury,"Apr 25, 2024","Jun 4, 2024"
Nathan Patterson,Everton,Right Back,19,2022/23,ankle injury,"Sep 21, 2022","Oct 26, 2022"
Nathan Patterson,Everton,Right Back,20,2023/24,hamstring injury,"Apr 15, 2024","Jun 11, 2024"
Donny van de Beek,Everton,Central Midfielder,24,2021/22,thigh problems,"Mar 31, 2022","May 16, 2022"
Andros Townsend,Everton,Right winger,30,2021/22,broken foot,"Dec 14, 2021","Jan 6, 2022"
Amadou Onana,Everton,Defensive Midfielder,21,2022/23,leg injury,"Apr 14, 2023","Apr 24, 2023"
Amadou Onana,Everton,Defensive Midfielder,22,2023/24,calf injury,"Nov 11, 2023","Dec 8, 2023"
James Garner,Everton,Defensive Midfielder,21,2022/23,back injury,"Nov 12, 2022","Feb 9, 2023"
Dwight McNeil,Everton,Left winger,23,2023/24,ankle injury,"July 29, 2023","Sep 1, 2023"
Ashley Young,Everton,Left Back,38,2023/24,muscle injury,"Dec 11, 2023","Jan 25, 2024"
Jack Harrison,Everton,Right winger,26,2023/24,hip injury,"Jul 1, 2023","Sep 21, 2023"
Beto,Everton,Center Forward,25,2023/24,knee injury,"Nov 23, 2023","Nov 28, 2023"
